domain,source,data,access_method,refresh,key_required,free_level,device_required,multipoint_required,code_area,notes,official_url
aviation,OpenSky Network,commercial and private aircraft,OAuth2 REST polling,about 60 seconds,yes,B/D,no,no,backend/services/fetchers/flights.py,"Free account is rate-limited; automated operational and commercial use may require written agreement",https://opensky-network.org/
aviation,adsb.lol,military and gap-fill aircraft,public HTTP JSON polling,about 60 seconds,no,A,no,no,backend/services/fetchers/flights.py,"ODbL attribution; coverage depends on feeder network",https://adsb.lol/
aviation,Airframes.io,ACARS VDL and aircraft dossier,authenticated API on demand,on demand,yes,C/D,no,no,backend/services,"Optional; verify current quota and commercial terms",https://airframes.io/
aviation,project aircraft lists,special-interest and owner mappings,local static data and rules,per release,no,A,no,no,backend/data,"May become stale; not direct observation",https://github.com/BigBodyCobain/Shadowbroker
aviation,GPS jamming inference,NAC-P degradation zones,derived from ADS-B observations,about 60 seconds,upstream-dependent,derived,no,no,backend/services/fetchers/flights.py,"Inference rather than a direct source",https://github.com/BigBodyCobain/Shadowbroker
maritime,AISStream,AIS vessel positions,WSS WebSocket,real-time,yes,B,no,no,backend/services/ais_stream.py,"Free key; beta service with no SLA",https://aisstream.io/documentation
maritime,Global Fishing Watch,fishing and vessel events,Bearer-token REST API,about 1 hour,yes,B,no,no,backend/services/fetchers/geo.py,"Free key for non-commercial use; attribution required",https://globalfishingwatch.org/our-apis/
maritime,Local AIS receiver,local vessel radio observations,RTL-SDR plus AIS-catcher HTTP POST,about 10 seconds,no,E,yes,optional,backend API /api/ais/feed,"Multi-point only for own coverage in multiple regions",https://github.com/jvde-github/AIS-catcher
maritime,Carrier tracker,carrier location estimates,GDELT and news-derived inference,variable,mixed,derived,no,no,backend/services/carrier_tracker.py,"Estimated location; not authoritative telemetry",https://github.com/BigBodyCobain/Shadowbroker
satellite,CelesTrak,TLE orbital elements,HTTP download plus local SGP4,position recomputed about 60 seconds,no,A,no,no,backend/services/fetchers/satellites.py,"Animated position is computed; TLE is not live telemetry",https://celestrak.org/
satellite,SatNOGS,ground station network,API polling,about 30 minutes,no,A,no,no,backend/services/fetchers/sigint.py,"Consumes public distributed receivers",https://satnogs.org/
satellite,TinyGS,LoRa satellite ground stations,API polling,about 30 minutes,no,A,no,no,backend/services/fetchers/sigint.py,"Community coverage",https://tinygs.com/
satellite,NASA GIBS,MODIS imagery,WMTS map tiles,daily,no,A,no,no,frontend map layers,"Usually 24 to 48 hours delayed",https://gibs.earthdata.nasa.gov/
satellite,Microsoft Planetary Computer,Sentinel-2 and STAC catalog,STAC API on demand,on demand,no,A,no,no,backend/services/sentinel_search.py,"Free public datasets; dataset-specific licenses apply",https://planetarycomputer.microsoft.com/docs
satellite,Copernicus Data Space,Sentinel and Process API,OAuth2 STAC Process API,on demand,yes,B/C,no,no,backend/services,"Free registration with quotas",https://dataspace.copernicus.eu/
satellite,ASF Search,SAR catalog,search API,on demand,partly,B,no,no,backend SAR services,"Catalog may be open; downloads may require Earthdata account",https://search.asf.alaska.edu/
satellite,NASA OPERA EGMS GFM EMS UNOSAT,ground change and damage products,catalog APIs and files,product cadence,varies,A/B,no,no,backend SAR services,"Delayed analysis products rather than raw live radar",https://github.com/BigBodyCobain/Shadowbroker
satellite,VIIRS Nightlights,night-light change,static products or Earth Engine,daily or monthly,optional,A/C,no,no,backend services,"Earth Engine terms differ for commercial use",https://eogdata.mines.edu/
environment,USGS Earthquake,global earthquakes,GeoJSON feed polling,about 60 seconds,no,A,no,no,backend/services/fetchers/earth_observation.py,"US public data",https://earthquake.usgs.gov/earthquakes/feed/
environment,NASA FIRMS,fire and thermal anomalies,CSV API and optional MAP_KEY,about 120 seconds,optional,B,no,no,backend/services/fetchers/earth_observation.py,"Free MAP_KEY; satellite limitations apply",https://firms.modaps.eosdis.nasa.gov/
environment,Smithsonian GVP,volcano catalog,static dataset,static,no,A,no,no,backend/services/fetchers/earth_observation.py,"Not live eruption telemetry",https://volcano.si.edu/
environment,OpenAQ,air quality,v3 REST API,about 120 seconds,yes,B/C,no,no,backend/services/fetchers/earth_observation.py,"Current v3 requires free API key; project source table may be outdated",https://docs.openaq.org/
environment,NOAA NWS,severe weather alerts,official JSON GeoJSON polling,about 120 seconds,no,A,no,no,backend/services/fetchers/earth_observation.py,"Primarily US coverage",https://www.weather.gov/
environment,NOAA SWPC,space weather,official JSON feed,about 120 seconds,no,A,no,no,backend/services/fetchers/earth_observation.py,"US public data",https://services.swpc.noaa.gov/
environment,IODA,internet outages,academic API polling,about 120 seconds,no,A/B,no,no,backend/services/fetchers/infrastructure.py,"Academic service availability may vary",https://ioda.inetintel.cc.gatech.edu/
infrastructure,WRI Global Power Plant Database,power plants,static dataset,per release,no,A,no,no,backend/services/fetchers/infrastructure.py,"CC BY attribution",https://datasets.wri.org/
infrastructure,Military base datasets,military installations,local static datasets,per release,no,A/unknown,no,no,backend/data,"Source-level provenance needs further audit",https://github.com/BigBodyCobain/Shadowbroker
infrastructure,DC Map,data centers,GitHub dataset polling,about 7 days,no,A,no,no,backend/services/fetchers/infrastructure.py,"Verify repository and dataset license",https://github.com/dcmap
infrastructure,TeleGeography-derived routes,submarine cables,static GeoJSON,static,no,A/unknown,no,no,backend/data,"Public visibility does not automatically grant redistribution rights",https://www.submarinecablemap.com/
news,GDELT,global news and conflict events,API and bulk data,about 6 hours,no,A,no,no,backend/services/geopolitics.py,"Requires deduplication and original-source validation",https://www.gdeltproject.org/
news,DeepState Map,Ukraine frontline,GeoJSON or mirror polling,about 30 minutes,no,A/terms,no,no,backend/services/geopolitics.py,"Optional commit pin; viewpoint and license caveats",https://deepstatemap.live/
news,Telegram public previews,public OSINT channel posts,HTML scraping of t.me/s,about 1 hour,no,A/terms,no,no,backend/services/fetchers/telegram_osint.py,"Public channels only; geoparsing is inferred",https://t.me/
news,LiveUAMap,regional incidents,Playwright browser automation,when enabled,no,D/terms,no,no,backend/services/liveuamap_scraper.py,"Stealth and Turnstile handling create policy and maintenance risk",https://liveuamap.com/
news,RSS and Atom feeds,news and bulletins,feed polling,minutes to hours,no,A/by-source,no,no,backend/services/fetchers/news.py,"Each publisher has separate reuse terms",https://github.com/BigBodyCobain/Shadowbroker
news,alerts.in.ua,Ukraine air alerts,token API,real-time or near real-time,yes,B,no,no,backend services,"Free token; check current terms",https://alerts.in.ua/
cyber,Shodan,internet-connected devices,REST API on demand,on demand,yes,C,no,no,backend/services/shodan_connector.py,"Free key is limited; advanced search and streaming may require paid plans",https://developer.shodan.io/api/requirements
cyber,OpenSanctions OFAC,SDN sanctions entities,dataset download and local cache,about 24 hours,no,A/by-dataset,no,no,backend/services/sanctions/ofac.py,"Attribution and dataset terms apply",https://www.opensanctions.org/
cyber,abuse.ch Feodo and URLhaus,malware C2 and URLs,feed API polling,about 5 minutes,no,A,no,no,backend/services/fetchers/malware.py,"Threat data can be stale or false positive",https://abuse.ch/
cyber,CISA KEV,known exploited vulnerabilities,official JSON CSV feed,about 5 minutes,no,A,no,no,backend/services/fetchers/cyber_status.py,"US public source",https://www.cisa.gov/known-exploited-vulnerabilities-catalog
cyber,ip-api.com,IP geolocation,REST on demand,on demand,no,C,no,no,backend/services/osint/lookups.py,"Free plan has rate and usage limitations",https://ip-api.com/
cyber,Google Public DNS,DNS records,DNS-over-HTTPS,on demand,no,A,no,no,backend/services/osint/lookups.py,"Queries are visible to Google DNS",https://developers.google.com/speed/public-dns/docs/doh
cyber,RDAP.org,registration records,RDAP REST and redirect,on demand,no,A,no,no,backend/services/osint/lookups.py,"Completeness depends on registry",https://about.rdap.org/
cyber,crt.sh,certificate transparency,HTTP JSON query,on demand,no,A,no,no,backend/services/osint/lookups.py,"No formal SLA; cache and rate-limit",https://crt.sh/
cyber,BGPView,ASN prefixes and routing,REST API,on demand,no,A,no,no,backend/services/osint/lookups.py,"Public service without commercial SLA",https://bgpview.io/
transport,LTA DataMall,Singapore traffic cameras,AccountKey REST API,about 10 minutes,yes,B,no,no,backend/services/cctv_pipeline.py,"Free registration; threshold can change",https://datamall.lta.gov.sg/
transport,Windy Webcams,global webcams,API key REST,about 10 minutes,yes,B/C,no,no,backend/services/cctv_pipeline.py,"Free tier limits offset image size and URL lifetime",https://api.windy.com/webcams/pricing
transport,Amtrak,US train positions,public endpoint polling,about 60 seconds,no,A/terms,no,no,backend/services/fetchers/trains.py,"Unofficial endpoint stability risk",https://www.amtrak.com/
transport,DigiTraffic,European train positions,official REST API,about 60 seconds,no,A,no,no,backend/services/fetchers/trains.py,"Open-data attribution applies",https://www.digitraffic.fi/
transport,Public road agencies,CCTV camera catalogs and streams,API XML KML HTML plus backend proxy,about 10 minutes,usually no,A/by-agency,no,no,backend/services/cctv_pipeline.py,"Agency-specific terms and Referer Origin requirements",https://github.com/BigBodyCobain/Shadowbroker
radio,KiwiSDR,public SDR receivers,directory polling plus remote audio,about 30 minutes and live audio,no,A/community,no,no,backend/services/kiwisdr_fetcher.py,"Receiver capacity and uptime are not guaranteed",https://kiwisdr.com/
radio,OpenMHz,police and fire scanner feeds,API and audio streams,real-time,no,A/terms,no,no,backend/services/radio_intercept.py,"Regional legal and privacy restrictions apply",https://openmhz.com/
radio,Meshtastic public MQTT,public mesh node positions,MQTT subscription,real-time,no,A,optional,no,backend/services/fetchers/sigint.py,"Own nodes are optional; public radio is not private",https://meshtastic.org/
radio,APRS-IS,amateur radio positions,TCP long connection,real-time,usually no,A,no,no,backend/services/sigint_bridge.py,"Uses an already-distributed aggregation network",https://www.aprs-is.net/
context,RestCountries,country profiles,REST API with cache,on demand,no,A,no,no,backend/services/region_dossier.py,"Community service with no production SLA",https://restcountries.com/
context,Wikidata SPARQL,heads of state and entity graph,SPARQL with cache,on demand,no,A,no,no,backend/services/osint_intel/resolve.py,"CC0; public endpoint requires considerate use",https://query.wikidata.org/
context,Wikipedia API,location summaries and images,MediaWiki API with cache,on demand,no,A,no,no,backend/services/region_dossier.py,"CC BY-SA and attribution requirements",https://www.mediawiki.org/wiki/API:Main_page
context,OSM Nominatim,geocoding,HTTP API,on demand,no,A,no,no,backend geocode route,"Public endpoint rate-limited; valid User-Agent required",https://operations.osmfoundation.org/policies/nominatim/
context,CARTO Basemaps,dark map tiles,browser CDN tile requests,continuous,no,A/C,no,no,frontend map styles,"Client IP and map viewport exposed; attribution required",https://carto.com/basemaps/
context,Esri World Imagery,satellite basemap,browser tile service,continuous,no,A/terms,no,no,frontend map styles,"Visualization access does not imply bulk redistribution rights",https://www.arcgis.com/
aviation,Airplanes.live,live aircraft and military-tagged aircraft,public REST JSON polling and fallback,about 60 seconds,no,A/C,no,no,backend/services/fetchers/flights.py,"Free pull tier 500 requests per day; 1 request per second; non-commercial and no SLA",https://airplanes.live/api-guide/
aviation,ADSB.fi,community ADS-B aircraft fallback,public REST JSON polling,about 60 seconds,no,A/verify,no,no,backend/services/fetchers/flights.py,"Fallback endpoint; confirm current rate and reuse terms before sustained use",https://github.com/adsbfi/opendata
aviation,OpenSky S3 metadata,aircraft registration and type metadata,monthly bulk CSV snapshot,check about every 5 days,no,A/terms,no,no,aircraft metadata service,"Snapshot publication is monthly; usage remains subject to source terms",https://opensky-network.org/data/data-sources
aviation,adsb.lol standing data,flight routes and airport reference data,bulk JSON or CSV download,about every 5 days,no,A,no,no,route data service,"Reference enrichment rather than live position data; attribution required",https://vrs-standing-data.adsb.lol/
aviation,OurAirports,airport runway and frequency reference tables,bulk CSV download,low frequency,no,A,no,no,route and airport service,"Open reference data; retain provenance and update date",https://ourairports.com/data/
maritime,AISHub,aggregated vessel positions,REST JSON XML or CSV fallback,about 20 minutes,contributor account,E,yes,no,backend/services/fetchers/aishub_fallback.py,"API access is free only to qualifying AIS station contributors; do not call more than once per minute",https://www.aishub.net/api
maritime,USNI Fleet Tracker,public fleet and carrier reports,RSS polling and text extraction,hourly to daily,no,A/terms,no,no,backend/services/fetchers/usni_fleet_tracker.py,"Article clues are not direct telemetry and full-text redistribution is not implied",https://news.usni.org/category/fleet-tracker
environment,RainViewer,weather radar timeline and tiles,public JSON API plus browser tiles,about 5 minutes,no,A,no,no,frontend weather radar layer,"Free for personal educational and small community use; attribution required; no SLA",https://www.rainviewer.com/api.html
environment,NUFORC,UFO or UAP public sighting reports,HTML and AJAX table parsing,weekly,no,A/terms,no,no,backend NUFORC fetcher,"User reports require geocoding and confidence labeling; page structure may drift",https://nuforc.org/
environment,Hugging Face NUFORC mirror,backup UAP sighting dataset,bulk dataset download,weekly,no,A/verify,no,no,backend NUFORC fetcher,"Fallback copy; verify dataset card license freshness and provenance",https://huggingface.co/datasets
environment,WastewaterSCAN,wastewater pathogen measurements,public cloud JSON download,daily,no,A/terms,no,no,backend/services/fetchers/wastewater.py,"Public health dataset coverage and publication lag must be retained",https://data.wastewaterscan.org/
infrastructure,RIPE Atlas,network probes measurements and status,public REST API polling,about 5 minutes,no for public reads,A/B,no,no,backend data fetcher,"Most public reads are anonymous; creating measurements needs account key and credits",https://atlas.ripe.net/docs/apis/rest-api-manual/introduction/
context,Photon,OSM geocoding and reverse geocoding,public REST JSON,on demand,no,A/terms,no,no,backend geocoding service,"Public instance requires caching and considerate request rate",https://photon.komoot.io/
context,Mapbox Tilequery,optional coordinate enrichment for NUFORC,token REST API,on demand,yes,C,no,no,backend NUFORC fetcher,"Optional only; usage billed or limited under Mapbox account plan",https://docs.mapbox.com/api/search/tilequery/
radio,Meshtastic public map API,aggregated public mesh node directory,public HTTP JSON,daily plus jitter,no,A,no,no,backend Meshtastic map fetcher,"Directory access needs no radio; public node visibility is not a private feed",https://meshtastic.liamcottle.net/
radio,PSKReporter,digital radio reception and propagation reports,public HTTP query API,about 5 minutes,no,A/terms,no,no,backend/services/psk_reporter_fetcher.py,"Reading aggregated reports needs no receiver; contributing reports uses radio decode software",https://www.pskreporter.info/
radio,JS8Call local API,locally decoded JS8 digital messages,raw TCP JSON lines on port 2442,continuous,no,E,yes,no,backend/services/radio_intercept.py,"Requires local JS8Call with API enabled; radio hardware depends on receive or transmit goal",https://js8call.com/
finance,Finnhub,market quotes company and news data,API key REST polling,15 to 30 minutes,yes,C,no,no,backend/services/fetchers/financial.py,"Free personal tier currently 60 calls per minute; commercial use and broader data are paid",https://finnhub.io/pricing
finance,Yahoo Finance via yfinance,market prices and history,unofficial Python HTTP client,about 30 minutes,no,C/terms,no,no,backend/services/fetchers/financial.py,"Useful for research but not an official stable production API",https://github.com/ranaroussi/yfinance
prediction,Polymarket,event markets prices and trades,public REST polling,about 7 minutes plus jitter,no,A,no,no,backend/services/fetchers/prediction_markets.py,"Public data endpoints require no key; trading has separate wallet and authentication",https://docs.polymarket.com/quickstart
prediction,Kalshi,event contract market data,public REST polling,about 7 minutes plus jitter,no for REST,A/C,no,no,backend/services/fetchers/prediction_markets.py,"Public REST market data is unauthenticated; WebSocket and trading require authentication",https://docs.kalshi.com/getting_started/quick_start_market_data
news,EUvsDisinfo FIMI,disinformation and FIMI public reports,RSS and HTTP polling,about 12 hours,no,A/terms,no,no,backend/services/fetchers/fimi.py,"Disabled by default; source classification and evidence chain must be preserved",https://euvsdisinfo.eu/
news,CrowdThreat,crowdsourced threat reports,public REST polling,daily,no,A/verify,no,no,backend/services/fetchers/crowdthreat.py,"Disabled by default; community reports require independent validation",https://crowdthreat.com/
custom,Operator JSON GeoJSON feed,operator supplied trusted event feed,configurable HTTP polling,minimum about 60 seconds,depends,depends,no,no,backend/services/feed_ingester.py,"Allowlist destinations and cap response size to reduce SSRF and untrusted data risks",https://github.com/BigBodyCobain/Shadowbroker
